{
  "xgboost": {
    "accuracy": 0.98,
    "precision": 1.0,
    "recall": 0.8333333333333334,
    "f1": 0.9090909090909091,
    "roc_auc": 0.9621212121212122
  },
  "random_forest": {
    "accuracy": 0.97,
    "precision": 1.0,
    "recall": 0.75,
    "f1": 0.8571428571428571,
    "roc_auc": 0.996685606060606
  },
  "ensemble": {
    "accuracy": 0.98,
    "precision": 1.0,
    "recall": 0.8333333333333334,
    "f1": 0.9090909090909091,
    "roc_auc": 0.9924242424242424
  }
}